issue_id,domain_code,title_en,title_fr,products,aliases_en,possible_causes,source_reference,status,record_type,related_sop_ids,related_tool_ids
IAM-001,IAM,Microsoft 365 / Entra ID sign-in failure,Échec de connexion à Microsoft 365 / Entra ID,Microsoft 365|Entra ID,cloud sign-in failure|account access issue,authentication or account configuration,User-provided OneNote and troubleshooting issue outline; HiloTech MSP experience narrative,draft,incident,,TOOL-003|TOOL-012
IAM-002,IAM,Windows workstation sign-in failure,Échec de connexion à un poste Windows,Windows 10|Windows 11,Windows login issue|computer login problem,password synchronization|account status,User-provided OneNote and troubleshooting issue outline; HiloTech MSP experience narrative,draft,incident,,TOOL-003|TOOL-012
IAM-003,IAM,Account locked out,Compte verrouillé,Entra ID|Windows,user locked out|login lockout,account lockout policy|repeated failed login attempts,User-provided OneNote and troubleshooting issue outline; HiloTech MSP experience narrative,draft,incident,SOP-003,TOOL-003|TOOL-012
IAM-004,IAM,"Password reset, recovery, or validation failure","Échec de réinitialisation, de récupération ou de validation du mot de passe",Entra ID|Microsoft 365,password reset issue|account recovery issue,password or recovery workflow issue,User-provided OneNote and troubleshooting issue outline; HiloTech MSP experience narrative,draft,incident,SOP-003,TOOL-003|TOOL-012
IAM-005,IAM,Password synchronization failure,Échec de synchronisation du mot de passe,Entra ID|Windows,password desynchronization,password synchronization conflicts,User-provided HiloTech MSP experience narrative,draft,incident,,TOOL-003|TOOL-012
IAM-006,IAM,Microsoft Authenticator / MFA enrollment failure,Échec de configuration de Microsoft Authenticator / MFA,Microsoft Authenticator|Entra ID,MFA registration issue|Authenticator setup issue,enrollment or configuration issue,User-provided OneNote and troubleshooting issue outline; HiloTech MSP experience narrative,draft,incident,SOP-004,TOOL-003|TOOL-012
IAM-007,IAM,MFA challenge failure or authentication lockout,Échec de validation MFA ou blocage de l’authentification,Entra ID|Microsoft Authenticator,MFA lockout|MFA verification issue,factor access or verification issue,User-provided OneNote and troubleshooting issue outline; HiloTech MSP experience narrative,draft,incident,SOP-004,TOOL-003|TOOL-012
IAM-008,IAM,Conditional Access unexpectedly blocks access,Blocage d’accès inattendu par l’accès conditionnel,Entra ID,Conditional Access issue|policy block,policy evaluation or configuration,User-provided OneNote and troubleshooting issue outline; HiloTech MSP experience narrative,draft,incident,,TOOL-003|TOOL-012
IAM-009,IAM,User provisioning incomplete or incorrect,Approvisionnement de l’utilisateur incomplet ou incorrect,Entra ID|Microsoft 365,user provisioning problem,provisioning configuration,User-provided OneNote and troubleshooting issue outline; HiloTech MSP experience narrative,draft,incident,SOP-001|SOP-002,TOOL-003|TOOL-012
IAM-010,IAM,Group membership or user authorization problem,Problème d’appartenance à un groupe ou d’autorisation,Entra ID,group membership issue|access control issue,group membership or access permissions,User-provided OneNote and troubleshooting issue outline; HiloTech MSP experience narrative,draft,incident,SOP-002,TOOL-003|TOOL-012
IAM-011,IAM,Microsoft 365 license missing or incorrectly assigned,Licence Microsoft 365 absente ou mal attribuée,Microsoft 365,license assignment issue,missing or incorrect license assignment,User-provided OneNote and troubleshooting issue outline; HiloTech MSP experience narrative,draft,incident,SOP-001,TOOL-003|TOOL-012
EXO-001,EXO,Repeated Outlook authentication prompts,Demandes répétées d’authentification Outlook,Outlook|Exchange Online,Outlook login loop|Outlook keeps asking for password,corrupted authentication tokens|cached credentials|Microsoft 365 synchronization conflicts,User-provided OneNote and troubleshooting issue outline; HiloTech MSP experience narrative,draft,incident,,TOOL-002|TOOL-008|TOOL-009
EXO-002,EXO,Outlook desktop or web connectivity failure,Échec de connexion à Outlook de bureau ou Web,Outlook|Outlook on the web|Exchange Online,Outlook connection issue|OWA connectivity,connectivity or authentication,User-provided OneNote and troubleshooting issue outline; HiloTech MSP experience narrative,draft,incident,,TOOL-002|TOOL-008|TOOL-009
EXO-003,EXO,Outlook local profile or mailbox data malfunction,Dysfonctionnement du profil local ou des données Outlook,Outlook,Outlook profile corrupted|OST corruption|Outlook add-in issue,OST corruption|profile issues|add-in conflicts,User-provided OneNote and troubleshooting issue outline; HiloTech MSP experience narrative,draft,incident,SOP-008,TOOL-002|TOOL-008|TOOL-009
EXO-004,EXO,Outlook search failure,Problème de recherche Outlook,Outlook,Outlook search problems,not specified in source,User-provided OneNote and troubleshooting issue outline; HiloTech MSP experience narrative,draft,incident,,TOOL-002|TOOL-008|TOOL-009
EXO-005,EXO,"Email sending, receiving, or delivery failure","Échec d’envoi, de réception ou de remise des courriels",Exchange Online|Outlook,mail flow issue|delivery issue,not specified in source,User-provided OneNote and troubleshooting issue outline; HiloTech MSP experience narrative,draft,incident,,TOOL-002|TOOL-008|TOOL-009
EXO-006,EXO,Mailbox or shared mailbox access / permission failure,Problème d’accès ou d’autorisations de boîte aux lettres partagée ou personnelle,Exchange Online|Outlook,shared mailbox issue|mailbox permissions,mailbox access or permissions,User-provided OneNote and troubleshooting issue outline; HiloTech MSP experience narrative,draft,incident,SOP-005,TOOL-002|TOOL-008|TOOL-009
EXO-007,EXO,Distribution list membership or mail delivery problem,Problème d’adhésion ou de remise de liste de distribution,Exchange Online,distribution list issue|distribution group issue,group membership or mail delivery,User-provided OneNote and troubleshooting issue outline; HiloTech MSP experience narrative,draft,incident,,TOOL-002|TOOL-008|TOOL-009
EXO-008,EXO,"Spam filtering, junk mail, or quarantine problem",Problème de filtrage du pourriel ou de quarantaine,Exchange Online|Microsoft Defender,spam investigation|quarantine issue,filtering or quarantine decision,User-provided OneNote and troubleshooting issue outline; HiloTech MSP experience narrative,draft,incident,,TOOL-002|TOOL-008|TOOL-009
EXO-009,EXO,Calendar synchronization problem,Problème de synchronisation du calendrier,Outlook|Exchange Online,calendar sync issue,not specified in source,User-provided OneNote and troubleshooting issue outline; HiloTech MSP experience narrative,draft,incident,,TOOL-002|TOOL-008|TOOL-009
TMS-001,TMS,Microsoft Teams login failure,Échec de connexion à Microsoft Teams,Microsoft Teams,Teams login issue,not specified in source,User-provided OneNote and troubleshooting issue outline; HiloTech MSP experience narrative,draft,incident,,TOOL-010
TMS-002,TMS,Microsoft Teams collaboration functionality failure,Dysfonctionnement des fonctions de collaboration Teams,Microsoft Teams,Teams collaboration issue,not specified in source,User-provided OneNote and troubleshooting issue outline; HiloTech MSP experience narrative,draft,incident,,TOOL-010
OD-001,OD,OneDrive synchronization failure,Échec de synchronisation OneDrive,OneDrive,OneDrive sync error|OneDrive file synchronization,credential desynchronization|file path limitations|client configuration,User-provided OneNote and troubleshooting issue outline; HiloTech MSP experience narrative,draft,incident,,TOOL-011
OD-002,OD,OneDrive storage quota or capacity problem,Problème de quota ou de capacité de stockage OneDrive,OneDrive,OneDrive storage issue|quota full,storage quota issue,User-provided OneNote and troubleshooting issue outline; HiloTech MSP experience narrative,draft,incident,,TOOL-011
OD-003,OD,OneDrive authentication or account connection failure,Échec d’authentification ou de connexion du compte OneDrive,OneDrive,OneDrive login issue,credentials or client configuration,User-provided OneNote and troubleshooting issue outline; HiloTech MSP experience narrative,draft,incident,,TOOL-011
OD-004,OD,Known Folder Move / folder backup failure,Échec de sauvegarde des dossiers connus (KFM),OneDrive|Windows,KFM issue|known folder backup issue,not specified in source,User-provided OneNote and troubleshooting issue outline; HiloTech MSP experience narrative,draft,incident,,TOOL-011
WEB-001,WEB,Browser crashes or unexpectedly closes,Le navigateur plante ou se ferme de façon inattendue,Microsoft Edge|Google Chrome|Mozilla Firefox,Edge crashing|browser crashes,corrupted user profile|extension conflicts,User-provided OneNote and troubleshooting issue outline; HiloTech MSP experience narrative,draft,incident,,TOOL-015|TOOL-016|TOOL-017
WEB-002,WEB,Browser slow or unresponsive,Navigateur lent ou qui ne répond pas,Microsoft Edge|Google Chrome|Mozilla Firefox,browser performance issue,cache-related issues|extension conflicts,User-provided OneNote and troubleshooting issue outline; HiloTech MSP experience narrative,draft,incident,,TOOL-015|TOOL-016|TOOL-017
WEB-003,WEB,Browser profile/account synchronization failure,Échec de synchronisation du profil ou du compte du navigateur,Microsoft Edge|Google Chrome|Mozilla Firefox,Chrome sync issues|browser sync failure,browser profile issue,User-provided OneNote and troubleshooting issue outline; HiloTech MSP experience narrative,draft,incident,,TOOL-015|TOOL-016|TOOL-017
WEB-004,WEB,"Website loading, rendering, or compatibility failure","Échec de chargement, d’affichage ou de compatibilité d’un site Web",Microsoft Edge|Google Chrome|Mozilla Firefox,browser cache issue|website compatibility|Firefox profile corruption,cache-related issues|extension conflicts|profile corruption,User-provided OneNote and troubleshooting issue outline; HiloTech MSP experience narrative,draft,incident,,TOOL-015|TOOL-016|TOOL-017
WIN-001,WIN,Blue Screen of Death / system crash,Écran bleu (BSOD) ou plantage du système,Windows 10|Windows 11,BSOD|blue screen error,not specified in source,User-provided OneNote and troubleshooting issue outline; HiloTech MSP experience narrative,draft,incident,,TOOL-013|TOOL-014|TOOL-020
WIN-002,WIN,Windows boot or startup failure,Échec de démarrage de Windows,Windows 10|Windows 11,startup problem|boot failure,not specified in source,User-provided HiloTech MSP experience narrative,draft,incident,,TOOL-013|TOOL-014|TOOL-020
WIN-003,WIN,Slow workstation performance,Ralentissement du poste de travail,Windows 10|Windows 11,slow computer|Windows performance issue,not specified in source,User-provided OneNote and troubleshooting issue outline; HiloTech MSP experience narrative,draft,incident,,TOOL-013|TOOL-014|TOOL-020
WIN-004,WIN,Windows Update installation failure,Échec d’installation des mises à jour Windows,Windows 10|Windows 11,Windows update failure,not specified in source,User-provided OneNote and troubleshooting issue outline; HiloTech MSP experience narrative,draft,incident,,TOOL-013|TOOL-014|TOOL-020
WIN-005,WIN,Device driver malfunction,Dysfonctionnement du pilote de périphérique,Windows 10|Windows 11,driver-related issue,not specified in source,User-provided HiloTech MSP experience narrative,draft,incident,,TOOL-013|TOOL-014|TOOL-020
WIN-006,WIN,Application installation or deployment failure,Échec d’installation ou de déploiement d’application,Windows 10|Windows 11,software install problem|software deployment issue,not specified in source,User-provided OneNote and troubleshooting issue outline; HiloTech MSP experience narrative,draft,incident,SOP-011,TOOL-013|TOOL-014|TOOL-020
WIN-007,WIN,BitLocker recovery prompt prevents normal access,Demande de clé de récupération BitLocker empêchant l’accès normal,Windows|BitLocker,BitLocker recovery needed,not specified in source,User-provided OneNote and troubleshooting issue outline; HiloTech MSP experience narrative,draft,incident,SOP-009,TOOL-013|TOOL-014|TOOL-020
PRN-001,PRN,Printer connection or mapping failure,Échec de connexion ou de mappage d’imprimante,Windows|Printer,printer connectivity|printer mapping failure,not specified in source,User-provided OneNote and troubleshooting issue outline; HiloTech MSP experience narrative,draft,incident,SOP-007,TOOL-014|TOOL-020
PRN-002,PRN,Print job or printing failure,Échec d’impression ou du traitement de tâche,Windows|Printer,printer not printing|printing failure,not specified in source,User-provided OneNote and troubleshooting issue outline; HiloTech MSP experience narrative,draft,incident,SOP-007,TOOL-014|TOOL-020
VPN-001,VPN,VPN connection or authentication failure,Échec de connexion ou d’authentification VPN,VPN client,VPN fails to connect|VPN login problem,not specified in source,User-provided OneNote and troubleshooting issue outline; HiloTech MSP experience narrative,draft,incident,SOP-006,TOOL-018|TOOL-020
VPN-002,VPN,Remote resource access failure through VPN,Échec d’accès aux ressources distantes par VPN,VPN client|Windows,connected to VPN but cannot access resources,not specified in source,User-provided OneNote and troubleshooting issue outline; HiloTech MSP experience narrative,draft,incident,SOP-006,TOOL-018|TOOL-020
SEC-001,SEC,Suspected phishing email or phishing investigation,Courriel suspecté d’hameçonnage ou enquête d’hameçonnage,Microsoft Defender|Exchange Online,phishing investigation,not specified in source,User-provided OneNote and troubleshooting issue outline; HiloTech MSP experience narrative,draft,incident,SOP-010,TOOL-004|TOOL-003
SEC-002,SEC,Suspicious sign-in or unauthorized login alert,Alerte de connexion suspecte ou non autorisée,Entra ID|Microsoft Defender,suspicious login alert,not specified in source,User-provided OneNote and troubleshooting issue outline; HiloTech MSP experience narrative,draft,incident,SOP-010,TOOL-004|TOOL-003
SEC-003,SEC,Suspected MFA bypass or authentication abuse,Soupçon de contournement MFA ou d’abus d’authentification,Entra ID|Microsoft Authenticator,MFA bypass case,not specified in source,User-provided OneNote and troubleshooting issue outline; HiloTech MSP experience narrative,draft,incident,,TOOL-004|TOOL-003
SEC-004,SEC,Suspected or confirmed compromised account,Compte possiblement ou effectivement compromis,Entra ID|Microsoft 365,compromised account,not specified in source,User-provided OneNote and troubleshooting issue outline; HiloTech MSP experience narrative,draft,incident,,TOOL-004|TOOL-003
SEC-005,SEC,Microsoft Defender security alert or detection investigation,Enquête sur une alerte ou une détection de Microsoft Defender,Microsoft Defender,Defender alert|security alert,not specified in source,User-provided OneNote and troubleshooting issue outline; HiloTech MSP experience narrative,draft,incident,SOP-010,TOOL-004|TOOL-003
